{
  "assessment": {
    "match_status": "matches_rollout_within_float_tolerance",
    "max_headline_abs_diff": 2.190063241869211e-09,
    "reason": "The deterministic and paired single-seed noisy affine recursions reproduce the rollout costs, damage, and disturbance energies to floating-point precision.",
    "second_iteration_recommended": false
  },
  "comparisons": {
    "deterministic_noise_off": {
      "adversarial": {
        "cost_comparison": {
          "abs_diff": 1.647094904910773e-09,
          "recursion": 8146.453943475042,
          "relative_diff": 2.0218550504783641e-13,
          "rollout": 8146.453943476689,
          "signed_diff": -1.647094904910773e-09
        },
        "disturbance_energy_comparison": {
          "abs_diff": 3.3881317890172014e-21,
          "recursion": 2.065712868220663e-05,
          "relative_diff": 1.6401755738374354e-16,
          "rollout": 2.0657128682206633e-05,
          "signed_diff": -3.3881317890172014e-21
        },
        "forward_components": {
          "control_stage": 1828.6854866971112,
          "disturbance_energy": 2.065712868220663e-05,
          "disturbance_l2": 0.004545011406169035,
          "max_abs_epsilon": 0.000874626237140141,
          "peak_forward_velocity_idx": 16,
          "peak_forward_velocity_m_s": 0.7649707394607232,
          "state_stage": 5940.359146316011,
          "terminal_position_error_m": 0.022046166173230297,
          "terminal_state": 377.4093104635675,
          "total_without_disturbance_penalty": 8146.453943476689
        },
        "forward_vs_value_abs_diff": 1.647094904910773e-09,
        "value_recursion": {
          "P0_max_abs": 1529426.2287461094,
          "backward_diagnostics_first_steps": [
            {
              "max_abs_P_asymmetry_after_symmetrize": 0.0,
              "offset_l2": 0.0,
              "t": 0
            },
            {
              "max_abs_P_asymmetry_after_symmetrize": 0.0,
              "offset_l2": 0.0,
              "t": 1
            },
            {
              "max_abs_P_asymmetry_after_symmetrize": 0.0,
              "offset_l2": 0.0,
              "t": 2
            }
          ],
          "backward_diagnostics_last_steps": [
            {
              "max_abs_P_asymmetry_after_symmetrize": 0.0,
              "offset_l2": 0.0,
              "t": 57
            },
            {
              "max_abs_P_asymmetry_after_symmetrize": 0.0,
              "offset_l2": 0.0,
              "t": 58
            },
            {
              "max_abs_P_asymmetry_after_symmetrize": 0.0,
              "offset_l2": 0.0,
              "t": 59
            }
          ],
          "q0_l2": 0.0,
          "r0": 0.0,
          "total_without_disturbance_penalty": 8146.453943475042
        }
      },
      "clean": {
        "cost_comparison": {
          "abs_diff": 1.2732925824820995e-11,
          "recursion": 4441.490674655715,
          "relative_diff": 2.866813589743275e-15,
          "rollout": 4441.490674655703,
          "signed_diff": 1.2732925824820995e-11
        },
        "forward_components": {
          "control_stage": 1874.515940516417,
          "disturbance_energy": 0.0,
          "disturbance_l2": 0.0,
          "max_abs_epsilon": 0.0,
          "peak_forward_velocity_idx": 16,
          "peak_forward_velocity_m_s": 0.7607690419629586,
          "state_stage": 2566.552814581995,
          "terminal_position_error_m": 0.000729680612190281,
          "terminal_state": 0.4219195572935475,
          "total_without_disturbance_penalty": 4441.490674655705
        },
        "forward_vs_value_abs_diff": 1.000444171950221e-11,
        "value_recursion": {
          "P0_max_abs": 444252.038422772,
          "backward_diagnostics_first_steps": [
            {
              "max_abs_P_asymmetry_after_symmetrize": 0.0,
              "offset_l2": 0.0,
              "t": 0
            },
            {
              "max_abs_P_asymmetry_after_symmetrize": 0.0,
              "offset_l2": 0.0,
              "t": 1
            },
            {
              "max_abs_P_asymmetry_after_symmetrize": 0.0,
              "offset_l2": 0.0,
              "t": 2
            }
          ],
          "backward_diagnostics_last_steps": [
            {
              "max_abs_P_asymmetry_after_symmetrize": 0.0,
              "offset_l2": 0.0,
              "t": 57
            },
            {
              "max_abs_P_asymmetry_after_symmetrize": 0.0,
              "offset_l2": 0.0,
              "t": 58
            },
            {
              "max_abs_P_asymmetry_after_symmetrize": 0.0,
              "offset_l2": 0.0,
              "t": 59
            }
          ],
          "q0_l2": 0.0,
          "r0": 0.0,
          "total_without_disturbance_penalty": 4441.490674655715
        }
      },
      "mode": "deterministic_noise_off",
      "noise_summary": null,
      "paired_damage": {
        "abs_diff": 1.659827830735594e-09,
        "recursion": 3704.963268819327,
        "relative_diff": 4.4800115690857937e-13,
        "rollout": 3704.9632688209867,
        "signed_diff": -1.659827830735594e-09
      }
    },
    "nominal_noise_paired_single_seed": {
      "adversarial": {
        "cost_comparison": {
          "abs_diff": 2.0463630789890885e-09,
          "recursion": 10887.127350743867,
          "relative_diff": 1.8796171047357635e-13,
          "rollout": 10887.127350741821,
          "signed_diff": 2.0463630789890885e-09
        },
        "disturbance_energy_comparison": {
          "abs_diff": 1.9583401740519424e-18,
          "recursion": 3.426663489691698e-05,
          "relative_diff": 5.715005806502538e-14,
          "rollout": 3.426663489691894e-05,
          "signed_diff": -1.9583401740519424e-18
        },
        "forward_components": {
          "control_stage": 2044.9703674662928,
          "disturbance_energy": 3.426663489691698e-05,
          "disturbance_l2": 0.005853770997990696,
          "max_abs_epsilon": 0.001121744996228722,
          "peak_forward_velocity_idx": 16,
          "peak_forward_velocity_m_s": 0.7655534653792534,
          "state_stage": 8208.085320845383,
          "terminal_position_error_m": 0.028493110379011574,
          "terminal_state": 634.0716624297959,
          "total_without_disturbance_penalty": 10887.127350741472
        },
        "forward_vs_value_abs_diff": 2.395609044469893e-09,
        "value_recursion": {
          "P0_max_abs": 1611549.9110307286,
          "backward_diagnostics_first_steps": [
            {
              "max_abs_P_asymmetry_after_symmetrize": 0.0,
              "offset_l2": 0.004239538576025948,
              "t": 0
            },
            {
              "max_abs_P_asymmetry_after_symmetrize": 0.0,
              "offset_l2": 0.0032999663806571604,
              "t": 1
            },
            {
              "max_abs_P_asymmetry_after_symmetrize": 0.0,
              "offset_l2": 0.007030214309327461,
              "t": 2
            }
          ],
          "backward_diagnostics_last_steps": [
            {
              "max_abs_P_asymmetry_after_symmetrize": 0.0,
              "offset_l2": 0.012094972433181429,
              "t": 57
            },
            {
              "max_abs_P_asymmetry_after_symmetrize": 0.0,
              "offset_l2": 0.012079954830580613,
              "t": 58
            },
            {
              "max_abs_P_asymmetry_after_symmetrize": 0.0,
              "offset_l2": 0.017552749525868598,
              "t": 59
            }
          ],
          "q0_l2": 35872.30680271405,
          "r0": 1226.0172898916383,
          "total_without_disturbance_penalty": 10887.127350743867
        }
      },
      "clean": {
        "cost_comparison": {
          "abs_diff": 1.4370016288012266e-10,
          "recursion": 4755.436674245229,
          "relative_diff": 3.021807937394646e-14,
          "rollout": 4755.436674245373,
          "signed_diff": -1.4370016288012266e-10
        },