{
  "assessment": {
    "match_status": "matches_rollout_within_float_tolerance",
    "max_headline_abs_diff": 9.476934792473912e-10,
    "reason": "The deterministic and paired single-seed noisy affine recursions reproduce the rollout costs, damage, and disturbance energies to floating-point precision.",
    "second_iteration_recommended": false
  },
  "comparisons": {
    "deterministic_noise_off": {
      "adversarial": {
        "cost_comparison": {
          "abs_diff": 6.175469025038183e-10,
          "recursion": 5018.184189963683,
          "relative_diff": 1.230618245816847e-13,
          "rollout": 5018.184189963065,
          "signed_diff": 6.175469025038183e-10
        },
        "disturbance_energy_comparison": {
          "abs_diff": 4.573977915173222e-20,
          "recursion": 3.067165516786057e-06,
          "relative_diff": 1.4912719545589287e-14,
          "rollout": 3.0671655167860113e-06,
          "signed_diff": 4.573977915173222e-20
        },
        "forward_components": {
          "control_stage": 1996.7394117989127,
          "disturbance_energy": 3.067165516786057e-06,
          "disturbance_l2": 0.0017513324974961371,
          "max_abs_epsilon": 0.0003621001807770167,
          "peak_forward_velocity_idx": 16,
          "peak_forward_velocity_m_s": 0.7930023686712472,
          "state_stage": 3020.6273797483655,
          "terminal_position_error_m": 0.0010338668866765877,
          "terminal_state": 0.8173984157848664,
          "total_without_disturbance_penalty": 5018.184189963063
        },
        "forward_vs_value_abs_diff": 6.202753866091371e-10,
        "value_recursion": {
          "P0_max_abs": 611840.2521652813,
          "backward_diagnostics_first_steps": [
            {
              "max_abs_P_asymmetry_after_symmetrize": 0.0,
              "offset_l2": 0.0,
              "t": 0
            },
            {
              "max_abs_P_asymmetry_after_symmetrize": 0.0,
              "offset_l2": 0.0,
              "t": 1
            },
            {
              "max_abs_P_asymmetry_after_symmetrize": 0.0,
              "offset_l2": 0.0,
              "t": 2
            }
          ],
          "backward_diagnostics_last_steps": [
            {
              "max_abs_P_asymmetry_after_symmetrize": 0.0,
              "offset_l2": 0.0,
              "t": 57
            },
            {
              "max_abs_P_asymmetry_after_symmetrize": 0.0,
              "offset_l2": 0.0,
              "t": 58
            },
            {
              "max_abs_P_asymmetry_after_symmetrize": 0.0,
              "offset_l2": 0.0,
              "t": 59
            }
          ],
          "q0_l2": 0.0,
          "r0": 0.0,
          "total_without_disturbance_penalty": 5018.184189963683
        }
      },
      "clean": {
        "cost_comparison": {
          "abs_diff": 3.3014657674357295e-10,
          "recursion": 4570.293787595869,
          "relative_diff": 7.223749546245637e-14,
          "rollout": 4570.293787596199,
          "signed_diff": -3.3014657674357295e-10
        },
        "forward_components": {
          "control_stage": 2066.544519612466,
          "disturbance_energy": 0.0,
          "disturbance_l2": 0.0,
          "max_abs_epsilon": 0.0,
          "peak_forward_velocity_idx": 16,
          "peak_forward_velocity_m_s": 0.7852043593906779,
          "state_stage": 2503.74919377976,
          "terminal_position_error_m": 9.631122517422819e-06,
          "terminal_state": 7.420397463499915e-05,
          "total_without_disturbance_penalty": 4570.293787596201
        },
        "forward_vs_value_abs_diff": 3.319655661471188e-10,
        "value_recursion": {
          "P0_max_abs": 471940.2385474287,
          "backward_diagnostics_first_steps": [
            {
              "max_abs_P_asymmetry_after_symmetrize": 0.0,
              "offset_l2": 0.0,
              "t": 0
            },
            {
              "max_abs_P_asymmetry_after_symmetrize": 0.0,
              "offset_l2": 0.0,
              "t": 1
            },
            {
              "max_abs_P_asymmetry_after_symmetrize": 0.0,
              "offset_l2": 0.0,
              "t": 2
            }
          ],
          "backward_diagnostics_last_steps": [
            {
              "max_abs_P_asymmetry_after_symmetrize": 0.0,
              "offset_l2": 0.0,
              "t": 57
            },
            {
              "max_abs_P_asymmetry_after_symmetrize": 0.0,
              "offset_l2": 0.0,
              "t": 58
            },
            {
              "max_abs_P_asymmetry_after_symmetrize": 0.0,
              "offset_l2": 0.0,
              "t": 59
            }
          ],
          "q0_l2": 0.0,
          "r0": 0.0,
          "total_without_disturbance_penalty": 4570.293787595869
        }
      },
      "mode": "deterministic_noise_off",
      "noise_summary": null,
      "paired_damage": {
        "abs_diff": 9.476934792473912e-10,
        "recursion": 447.8904023678142,
        "relative_diff": 2.1159048602946766e-12,
        "rollout": 447.8904023668665,
        "signed_diff": 9.476934792473912e-10
      }
    },
    "nominal_noise_paired_single_seed": {
      "adversarial": {
        "cost_comparison": {
          "abs_diff": 4.929461283609271e-10,
          "recursion": 8368.369541181815,
          "relative_diff": 5.890587478660535e-14,
          "rollout": 8368.369541182308,
          "signed_diff": -4.929461283609271e-10
        },
        "disturbance_energy_comparison": {
          "abs_diff": 2.303929616531697e-19,
          "recursion": 2.0462107308246193e-05,
          "relative_diff": 1.1259493373896986e-14,
          "rollout": 2.0462107308246424e-05,
          "signed_diff": -2.303929616531697e-19
        },
        "forward_components": {
          "control_stage": 3589.0337099371905,
          "disturbance_energy": 2.0462107308246193e-05,
          "disturbance_l2": 0.004523506085797408,
          "max_abs_epsilon": 0.001222959348777146,
          "peak_forward_velocity_idx": 16,
          "peak_forward_velocity_m_s": 0.7935542611894825,
          "state_stage": 4575.783856868405,
          "terminal_position_error_m": 0.016282025860544898,
          "terminal_state": 203.55197437667513,
          "total_without_disturbance_penalty": 8368.36954118227
        },
        "forward_vs_value_abs_diff": 4.547473508864641e-10,
        "value_recursion": {
          "P0_max_abs": 615032.4441491591,
          "backward_diagnostics_first_steps": [
            {
              "max_abs_P_asymmetry_after_symmetrize": 0.0,
              "offset_l2": 0.004239538576025948,
              "t": 0
            },
            {
              "max_abs_P_asymmetry_after_symmetrize": 0.0,
              "offset_l2": 0.0032999663806571604,
              "t": 1
            },
            {
              "max_abs_P_asymmetry_after_symmetrize": 0.0,
              "offset_l2": 0.007030214309327461,
              "t": 2
            }
          ],
          "backward_diagnostics_last_steps": [
            {
              "max_abs_P_asymmetry_after_symmetrize": 0.0,
              "offset_l2": 0.012159299270507977,
              "t": 57
            },
            {
              "max_abs_P_asymmetry_after_symmetrize": 0.0,
              "offset_l2": 0.0123216927755647,
              "t": 58
            },
            {
              "max_abs_P_asymmetry_after_symmetrize": 0.0,
              "offset_l2": 0.017853411983871987,
              "t": 59
            }
          ],
          "q0_l2": 1843.4610002482118,
          "r0": 3220.3837458224434,
          "total_without_disturbance_penalty": 8368.369541181815
        }
      },
      "clean": {
        "cost_comparison": {
          "abs_diff": 5.002220859751105e-11,
          "recursion": 6456.476444035416,
          "relative_diff": 7.747601812087871e-15,
          "rollout": 6456.476444035366,
          "signed_diff": 5.002220859751105e-11
        },