{
  "end_of_training_stats": {
    "movement_ramp__cosine": {
      "final_mean": 0.5126743316650391,
      "final_std": 0.06385231018066406,
      "mean_last_100": 0.529701828956604,
      "n_replicates": 5,
      "std_last_100": 0.06512361764907837
    },
    "movement_ramp__linear": {
      "final_mean": 0.7224653363227844,
      "final_std": 0.08992160111665726,
      "mean_last_100": 0.7411856055259705,
      "n_replicates": 5,
      "std_last_100": 0.060497984290122986
    },
    "movement_ramp__power2": {
      "final_mean": 0.3619309961795807,
      "final_std": 0.05785619094967842,
      "mean_last_100": 0.3705216944217682,
      "n_replicates": 5,
      "std_last_100": 0.04266922548413277
    },
    "movement_ramp__power4": {
      "final_mean": 0.18114900588989258,
      "final_std": 0.0352054089307785,
      "mean_last_100": 0.18709994852542877,
      "n_replicates": 5,
      "std_last_100": 0.039965976029634476
    },
    "movement_ramp__power6": {
      "final_mean": 0.15093673765659332,
      "final_std": 0.04162804037332535,
      "mean_last_100": 0.1539035439491272,
      "n_replicates": 5,
      "std_last_100": 0.037268444895744324
    },
    "movement_ramp__power6_dur80": {
      "final_mean": 0.10212695598602295,
      "final_std": 0.021856311708688736,
      "mean_last_100": 0.10603290796279907,
      "n_replicates": 5,
      "std_last_100": 0.022095657885074615
    },
    "movement_ramp__power6_prego5": {
      "final_mean": 0.23827943205833435,
      "final_std": 0.0893869698047638,
      "mean_last_100": 0.2472555786371231,
      "n_replicates": 5,
      "std_last_100": 0.10241017490625381
    }
  },
  "experiment": "b399efc",
  "figure_kind": "training_loss_total_multiline_errorbands",
  "inputs": [
    {
      "path": "/Users/mll/Main/10 Projects/10 PhD/rlrmp/worktrees/feature__b399efc-matrix-figures/_artifacts/b399efc/runs/movement_ramp__linear/warmup_model.eqx",
      "role": "warmup_model:movement_ramp__linear",
      "sha256": "508978176455a927bb8f9b7f484ebd59a8f8eab7b5c1bf9d1ea317380691b6a8"
    },
    {
      "path": "/Users/mll/Main/10 Projects/10 PhD/rlrmp/worktrees/feature__b399efc-matrix-figures/_artifacts/b399efc/runs/movement_ramp__linear/warmup_history.eqx",
      "role": "warmup_history:movement_ramp__linear",
      "sha256": "6cdde289d0bdd1aec1ad458b825d61226a66c4a1150dd756a830b3a29a4d49d5"
    },
    {
      "path": "/Users/mll/Main/10 Projects/10 PhD/rlrmp/worktrees/feature__b399efc-matrix-figures/_artifacts/b399efc/runs/movement_ramp__cosine/warmup_model.eqx",
      "role": "warmup_model:movement_ramp__cosine",
      "sha256": "afae55a3985730d64fa6c8baf49b5463e0206b9be522757b013418db98cb363b"
    },
    {
      "path": "/Users/mll/Main/10 Projects/10 PhD/rlrmp/worktrees/feature__b399efc-matrix-figures/_artifacts/b399efc/runs/movement_ramp__cosine/warmup_history.eqx",
      "role": "warmup_history:movement_ramp__cosine",
      "sha256": "49f2dae2c7237087ee7f156e0d98b038895753f0b355ec8561adac81b0edd2a2"
    },
    {
      "path": "/Users/mll/Main/10 Projects/10 PhD/rlrmp/worktrees/feature__b399efc-matrix-figures/_artifacts/b399efc/runs/movement_ramp__power2/warmup_model.eqx",
      "role": "warmup_model:movement_ramp__power2",
      "sha256": "d8623544475d77b42967fe6eb06c4ae2b81be99df9239bda7addbb1dde69dcf0"
    },
    {
      "path": "/Users/mll/Main/10 Projects/10 PhD/rlrmp/worktrees/feature__b399efc-matrix-figures/_artifacts/b399efc/runs/movement_ramp__power2/warmup_history.eqx",
      "role": "warmup_history:movement_ramp__power2",
      "sha256": "d38d8ec4e330cdf55d03d029a310d2e97d32eb540f70245a66d98fd615d84290"
    },
    {
      "path": "/Users/mll/Main/10 Projects/10 PhD/rlrmp/worktrees/feature__b399efc-matrix-figures/_artifacts/b399efc/runs/movement_ramp__power4/warmup_model.eqx",
      "role": "warmup_model:movement_ramp__power4",
      "sha256": "c362d22efe1c9e75680ac5fc4e4807e37ac14eda05266945978152d8979e5dfc"
    },
    {
      "path": "/Users/mll/Main/10 Projects/10 PhD/rlrmp/worktrees/feature__b399efc-matrix-figures/_artifacts/b399efc/runs/movement_ramp__power4/warmup_history.eqx",
      "role": "warmup_history:movement_ramp__power4",
      "sha256": "0cd5c7efb596858da9d0fd0f2a52ab6a80f6f09e46bcfda9a7f3448abbc19017"
    },
    {
      "path": "/Users/mll/Main/10 Projects/10 PhD/rlrmp/worktrees/feature__b399efc-matrix-figures/_artifacts/b399efc/runs/movement_ramp__power6/warmup_model.eqx",
      "role": "warmup_model:movement_ramp__power6",
      "sha256": "2c4ed0e6dc48762bd687db66aa47649fed630cdd94e0a8c20efbb0d81225c831"
    },
    {
      "path": "/Users/mll/Main/10 Projects/10 PhD/rlrmp/worktrees/feature__b399efc-matrix-figures/_artifacts/b399efc/runs/movement_ramp__power6/warmup_history.eqx",
      "role": "warmup_history:movement_ramp__power6",
      "sha256": "65c5ac2b24980a2b49268366c8b4f36fb6fffa1f64c6816f15e29f0387082a49"
    },
    {
      "path": "/Users/mll/Main/10 Projects/10 PhD/rlrmp/worktrees/feature__b399efc-matrix-figures/_artifacts/b399efc/runs/movement_ramp__power6_prego5/warmup_model.eqx",
      "role": "warmup_model:movement_ramp__power6_prego5",
      "sha256": "638844fc3eb2802d0425c7b370ce1751c9ec586ecf784b5c455456195faaaef2"
    },
    {
      "path": "/Users/mll/Main/10 Projects/10 PhD/rlrmp/worktrees/feature__b399efc-matrix-figures/_artifacts/b399efc/runs/movement_ramp__power6_prego5/warmup_history.eqx",
      "role": "warmup_history:movement_ramp__power6_prego5",
      "sha256": "65502f8210a7f1d0cdc9e5432fe4883909c2318d9bd3eea2e3b49f1b886e151b"
    },
    {
      "path": "/Users/mll/Main/10 Projects/10 PhD/rlrmp/worktrees/feature__b399efc-matrix-figures/_artifacts/b399efc/runs/movement_ramp__power6_dur80/warmup_model.eqx",
      "role": "warmup_model:movement_ramp__power6_dur80",
      "sha256": "f8a3a629b812d68a67d4f346666c1e647fcbe31d1f909ecaf0447fb93a8beba8"
    },
    {
      "path": "/Users/mll/Main/10 Projects/10 PhD/rlrmp/worktrees/feature__b399efc-matrix-figures/_artifacts/b399efc/runs/movement_ramp__power6_dur80/warmup_history.eqx",
      "role": "warmup_history:movement_ramp__power6_dur80",
      "sha256": "0f9b56ef129b17d26446bc2957a649c58950870a0d5505f575288ce061166ca1"
    }
  ],
  "plot_kwargs": {
    "cells": [
      "movement_ramp__linear",
      "movement_ramp__cosine",
      "movement_ramp__power2",
      "movement_ramp__power4",
      "movement_ramp__power6",
      "movement_ramp__power6_prego5",
      "movement_ramp__power6_dur80"
    ],
    "error_band": "mean \u00b1 1sd",
    "n_replicates": 5,
    "n_warmup_batches": 12000,
    "xaxis_type": "log",
    "yaxis_type": "log"
  },
  "timestamp": "2026-05-13T23:17:31.271660+00:00",
  "transform": [
    {
      "kwargs": {
        "header_lines": 1
      },
      "name": "load_warmup_history_fbx"
    },
    {
      "kwargs": {
        "leaf_fn": "identity"
      },
      "name": "TermTree.aggregate"
    },
    {
      "kwargs": {
        "axis": 1
      },
      "name": "mean_std_across_replicates"
    }
  ],
  "versions": {
    "equinox": "0.13.4",
    "feedbax": "0.1.2",
    "jax": "0.9.0",
    "numpy": "2.4.1",
    "plotly": "6.5.2",
    "rlrmp": "0.1.0"
  }
}