{
  "checkpoint_policy": "validation_selected_per_replicate",
  "issue": "ba82f3d",
  "runs": {
    "target_relative_multitarget_fullqrf_smoke": {
      "artifact_dir": "_artifacts/ba82f3d/runs/target_relative_multitarget_fullqrf_smoke",
      "behavior": {
        "command_jerk_norm": {
          "count": 116,
          "max": 0.042573022367289624,
          "mean": 0.0031725429457256137,
          "min": 0.0002679506264583459,
          "p05": 0.0005122696972671492,
          "p50": 0.0016699134592040228,
          "p95": 0.008497678102922773,
          "std": 0.006163235919404231
        },
        "command_norm": {
          "count": 120,
          "max": 0.37383129649958324,
          "mean": 0.35806154012058106,
          "min": 0.16872875708266155,
          "p05": 0.33263401477530097,
          "p50": 0.3641027456601886,
          "p95": 0.3711468299992565,
          "std": 0.029319823678693152
        },
        "endpoint_error_m": {
          "count": 2,
          "max": 0.1872664028109751,
          "mean": 0.18720149394260494,
          "min": 0.18713658507423478,
          "p05": 0.1871430759610718,
          "p50": 0.18720149394260494,
          "p95": 0.18725991192413807,
          "std": 6.490886837015597e-05
        },
        "first_five_step_command_norm": {
          "count": 10,
          "max": 0.3490852735013733,
          "mean": 0.2844563837096844,
          "min": 0.16872875708266155,
          "p05": 0.1690707855462759,
          "p50": 0.30967535684170866,
          "p95": 0.3484425702309253,
          "std": 0.06501415294946833
        },
        "hidden_state_norm": {
          "count": 120,
          "max": 0.7215859482003866,
          "mean": 0.6947393614352916,
          "min": 0.2768442388593959,
          "p05": 0.6068559077900936,
          "p50": 0.7123719701017421,
          "p95": 0.7185978733927495,
          "std": 0.06909362061053617
        },
        "overshoot_m": {
          "count": 2,
          "max": 0.0,
          "mean": 0.0,
          "min": 0.0,
          "p05": 0.0,
          "p50": 0.0,
          "p95": 0.0,
          "std": 0.0
        },
        "per_replicate": [
          {
            "command_jerk_norm": {
              "count": 116,
              "max": 0.042573022367289624,
              "mean": 0.0031725429457256137,
              "min": 0.0002679506264583459,
              "p05": 0.0005122696972671492,
              "p50": 0.0016699134592040228,
              "p95": 0.008497678102922773,
              "std": 0.006163235919404231
            },
            "command_norm": {
              "count": 120,
              "max": 0.37383129649958324,
              "mean": 0.35806154012058106,
              "min": 0.16872875708266155,
              "p05": 0.33263401477530097,
              "p50": 0.3641027456601886,
              "p95": 0.3711468299992565,
              "std": 0.029319823678693152
            },
            "endpoint_error_m": {
              "count": 2,
              "max": 0.1872664028109751,
              "mean": 0.18720149394260494,
              "min": 0.18713658507423478,
              "p05": 0.1871430759610718,
              "p50": 0.18720149394260494,
              "p95": 0.18725991192413807,
              "std": 6.490886837015597e-05
            },
            "first_five_step_command_norm": {
              "count": 10,
              "max": 0.3490852735013733,
              "mean": 0.2844563837096844,
              "min": 0.16872875708266155,
              "p05": 0.1690707855462759,
              "p50": 0.30967535684170866,
              "p95": 0.3484425702309253,
              "std": 0.06501415294946833
            },
            "hidden_state_norm": {
              "count": 120,
              "max": 0.7215859482003866,
              "mean": 0.6947393614352916,
              "min": 0.2768442388593959,
              "p05": 0.6068559077900936,
              "p50": 0.7123719701017421,
              "p95": 0.7185978733927495,
              "std": 0.06909362061053617
            },
            "overshoot_m": {
              "count": 2,
              "max": 0.0,
              "mean": 0.0,
              "min": 0.0,
              "p05": 0.0,
              "p50": 0.0,
              "p95": 0.0,
              "std": 0.0
            },
            "post_peak_forward_velocity_sign_changes": {
              "count": 2,
              "max": 0.0,
              "mean": 0.0,
              "min": 0.0,
              "p05": 0.0,
              "p50": 0.0,
              "p95": 0.0,
              "std": 0.0
            },
            "replicate": 0,
            "terminal_speed_m_s": {
              "count": 2,
              "max": 0.18427382575766635,
              "mean": 0.18425132401465147,
              "min": 0.1842288222716366,
              "p05": 0.1842310724459381,
              "p50": 0.18425132401465147,
              "p95": 0.18427157558336485,
              "std": 2.250174301487995e-05
            },
            "velocity_profile": {
              "mean_profile_peak_forward_velocity_m_s": 0.0,
              "mean_profile_terminal_forward_velocity_m_s": -0.13707705062625114,
              "mean_profile_time_to_peak_forward_velocity_s": 0.0,
              "peak_forward_velocity_m_s": {
                "count": 2,
                "max": 0.0,
                "mean": 0.0,
                "min": 0.0,
                "p05": 0.0,
                "p50": 0.0,
                "p95": 0.0,
                "std": 0.0
              },
              "time_to_peak_forward_velocity_s": {
                "count": 2,
                "max": 0.0,
                "mean": 0.0,
                "min": 0.0,
                "p05": 0.0,
                "p50": 0.0,
                "p95": 0.0,
                "std": 0.0
              }
            }
          }
        ],
        "post_peak_forward_velocity_sign_changes": {
          "count": 2,
          "max": 0.0,
          "mean": 0.0,
          "min": 0.0,
          "p05": 0.0,
          "p50": 0.0,
          "p95": 0.0,
          "std": 0.0
        },
        "terminal_speed_m_s": {
          "count": 2,
          "max": 0.18427382575766635,
          "mean": 0.18425132401465147,
          "min": 0.1842288222716366,
          "p05": 0.1842310724459381,
          "p50": 0.18425132401465147,
          "p95": 0.18427157558336485,
          "std": 2.250174301487995e-05
        },
        "velocity_profile": {
          "mean_profile_peak_forward_velocity_m_s": 0.0,
          "mean_profile_terminal_forward_velocity_m_s": -0.13707705062625114,
          "mean_profile_time_to_peak_forward_velocity_s": 0.0,
          "peak_forward_velocity_m_s": {
            "count": 2,
            "max": 0.0,
            "mean": 0.0,
            "min": 0.0,
            "p05": 0.0,
            "p50": 0.0,
            "p95": 0.0,
            "std": 0.0
          },
          "time_to_peak_forward_velocity_s": {
            "count": 2,
            "max": 0.0,
            "mean": 0.0,
            "min": 0.0,
            "p05": 0.0,
            "p50": 0.0,
            "p95": 0.0,
            "std": 0.0
          }
        }
      },
      "bulk_arrays": {
        "arrays": [
          "position",
          "velocity",
          "command",
          "hidden_norm",
          "gru_input",
          "target_position"
        ],
        "format": "np.savez_compressed",
        "path": "_artifacts/ba82f3d/evaluation_diagnostics/gru_target_relative_multitarget_smoke_validation_selected/target_relative_multitarget_fullqrf_smoke.npz"
      },
      "checkpoint_policy": "validation_selected_per_replicate",
      "checkpoint_selection": [
        {
          "best_logged_validation_batch": 1,
          "best_logged_validation_objective": 168935.60137663348,
          "checkpoint_batches": 1,
          "checkpoint_path": "_artifacts/ba82f3d/runs/target_relative_multitarget_fullqrf_smoke/checkpoints/checkpoint_0000001",
          "final_validation_objective": 168935.60137663348,