{
  "cell_stats": {
    "full_trial_pl__pos10": {
      "mean_hold_drift_mm": 4.400277137756348,
      "mean_peak_velocity": 0.6301353573799133,
      "mean_pre_go_drift_mm": 1.258665680885315,
      "mean_pre_go_rms_mm": 1.8902676105499268,
      "mean_time_to_peak_steps": 59.7,
      "sd_hold_drift_mm": 5.634251594543457,
      "sd_peak_velocity": 0.05727187916636467,
      "sd_pre_go_drift_mm": 1.6862800121307373,
      "sd_pre_go_rms_mm": 2.462867498397827,
      "sd_time_to_peak_steps": 8.98288302829331,
      "within_cell_vel_rmse": 0.1047065133228898
    },
    "full_trial_pl__pos10_prego_1": {
      "mean_hold_drift_mm": 0.0009635469759814441,
      "mean_peak_velocity": 0.7108616828918457,
      "mean_pre_go_drift_mm": -0.06180610507726669,
      "mean_pre_go_rms_mm": 0.07584098726511002,
      "mean_time_to_peak_steps": 70.975,
      "sd_hold_drift_mm": 0.001300893141888082,
      "sd_peak_velocity": 0.13343624770641327,
      "sd_pre_go_drift_mm": 0.016543520614504814,
      "sd_pre_go_rms_mm": 0.020917454734444618,
      "sd_time_to_peak_steps": 14.4793495192291,
      "within_cell_vel_rmse": 0.15110618202015758
    },
    "full_trial_pl__pos10_prego_1e-3": {
      "mean_hold_drift_mm": 3.542644500732422,
      "mean_peak_velocity": 0.6383134722709656,
      "mean_pre_go_drift_mm": 1.0680421590805054,
      "mean_pre_go_rms_mm": 1.6521450281143188,
      "mean_time_to_peak_steps": 64.925,
      "sd_hold_drift_mm": 4.334156513214111,
      "sd_peak_velocity": 0.03519139438867569,
      "sd_pre_go_drift_mm": 1.4637612104415894,
      "sd_pre_go_rms_mm": 2.2122693061828613,
      "sd_time_to_peak_steps": 9.239267422258107,
      "within_cell_vel_rmse": 0.12724427860230209
    },
    "full_trial_pl__pos10_prego_5e-2": {
      "mean_hold_drift_mm": 0.11644931137561798,
      "mean_peak_velocity": 0.6033415198326111,
      "mean_pre_go_drift_mm": -0.034733355045318604,
      "mean_pre_go_rms_mm": 0.09138718992471695,
      "mean_time_to_peak_steps": 73.0,
      "sd_hold_drift_mm": 0.044140782207250595,
      "sd_peak_velocity": 0.026319153606891632,
      "sd_pre_go_drift_mm": 0.0199220459908247,
      "sd_pre_go_rms_mm": 0.014802808873355389,
      "sd_time_to_peak_steps": 8.082581580163605,
      "within_cell_vel_rmse": 0.05195633582770824
    },
    "full_trial_pl__prego_1": {
      "mean_hold_drift_mm": 0.02138991840183735,
      "mean_peak_velocity": 1.0867077112197876,
      "mean_pre_go_drift_mm": 0.0019277781248092651,
      "mean_pre_go_rms_mm": 0.01922852173447609,
      "mean_time_to_peak_steps": 36.775,
      "sd_hold_drift_mm": 0.005690593738108873,
      "sd_peak_velocity": 0.010152461938560009,
      "sd_pre_go_drift_mm": 0.004021044820547104,
      "sd_pre_go_rms_mm": 0.004877180326730013,
      "sd_time_to_peak_steps": 0.5955564624785797,
      "within_cell_vel_rmse": 0.01758362716063857
    },
    "full_trial_pl__prego_1e-3": {
      "mean_hold_drift_mm": 0.0,
      "mean_peak_velocity": 1.0098621845245361,
      "mean_pre_go_drift_mm": -0.3357924222946167,
      "mean_pre_go_rms_mm": 0.3947330713272095,
      "mean_time_to_peak_steps": 37.225,
      "sd_hold_drift_mm": 0.0,
      "sd_peak_velocity": 0.02224348857998848,
      "sd_pre_go_drift_mm": 0.1260446459054947,
      "sd_pre_go_rms_mm": 0.1467665731906891,
      "sd_time_to_peak_steps": 1.039831717154271,
      "within_cell_vel_rmse": 0.022094462858513
    },
    "full_trial_pl__prego_5e-2": {
      "mean_hold_drift_mm": 0.00225633243098855,
      "mean_peak_velocity": 1.0862185955047607,
      "mean_pre_go_drift_mm": -0.04327079653739929,
      "mean_pre_go_rms_mm": 0.0515555813908577,
      "mean_time_to_peak_steps": 37.175,
      "sd_hold_drift_mm": 0.0027748767752200365,
      "sd_peak_velocity": 0.017025917768478394,
      "sd_pre_go_drift_mm": 0.005099665839225054,
      "sd_pre_go_rms_mm": 0.006622545421123505,
      "sd_time_to_peak_steps": 0.8596874432024699,
      "within_cell_vel_rmse": 0.02440542997792363
    },
    "lit__full_nojerk": {
      "mean_hold_drift_mm": 2.7421462535858154,
      "mean_peak_velocity": 0.9638093709945679,
      "mean_pre_go_drift_mm": 0.30211150646209717,
      "mean_pre_go_rms_mm": 1.149465799331665,
      "mean_time_to_peak_steps": 34.175,
      "sd_hold_drift_mm": 0.5468195676803589,
      "sd_peak_velocity": 0.02471468411386013,
      "sd_pre_go_drift_mm": 0.2803179919719696,
      "sd_pre_go_rms_mm": 0.17284654080867767,
      "sd_time_to_peak_steps": 2.146217603133475,
      "within_cell_vel_rmse": 0.041401103837415576
    },
    "lit__post_nojerk": {
      "mean_hold_drift_mm": 2.3366737365722656,
      "mean_peak_velocity": 0.9685674905776978,
      "mean_pre_go_drift_mm": 0.18163935840129852,
      "mean_pre_go_rms_mm": 1.0237643718719482,
      "mean_time_to_peak_steps": 34.275,
      "sd_hold_drift_mm": 0.5605531930923462,
      "sd_peak_velocity": 0.025185203179717064,
      "sd_pre_go_drift_mm": 0.3223891258239746,
      "sd_pre_go_rms_mm": 0.18782052397727966,
      "sd_time_to_peak_steps": 1.7664406301939501,
      "within_cell_vel_rmse": 0.0361164310015738
    },
    "post_go_pl__pos10": {
      "mean_hold_drift_mm": 3.595442295074463,
      "mean_peak_velocity": 0.6524562835693359,
      "mean_pre_go_drift_mm": 0.9961940050125122,
      "mean_pre_go_rms_mm": 1.508189082145691,
      "mean_time_to_peak_steps": 58.975,
      "sd_hold_drift_mm": 4.444491863250732,
      "sd_peak_velocity": 0.11003248393535614,
      "sd_pre_go_drift_mm": 1.2837965488433838,
      "sd_pre_go_rms_mm": 1.8826864957809448,
      "sd_time_to_peak_steps": 7.468370806273614,
      "within_cell_vel_rmse": 0.1393585789948702
    }
  },
  "experiment": "3702f54",
  "figure_kind": "summary_metrics_bar_panel",
  "inputs": [
    {
      "path": "/Users/mll/Main/10 Projects/10 PhD/rlrmp/worktrees/feature__3702f54-analysis/_artifacts/f47abb1/runs/lit__post_nojerk/warmup_model.eqx",
      "role": "warmup_model:lit__post_nojerk",
      "sha256": "f059caf28ad8ab4745a78a3b5966277b44c21fe6e7e4234afc18e0a045c6725c"
    },
    {
      "path": "/Users/mll/Main/10 Projects/10 PhD/rlrmp/worktrees/feature__3702f54-analysis/_artifacts/f47abb1/runs/lit__full_nojerk/warmup_model.eqx",
      "role": "warmup_model:lit__full_nojerk",
      "sha256": "5074ac928cbd4e3b035442bd89f5f91ebf8f6bff1f457f506881dd31de3642be"
    },
    {
      "path": "/Users/mll/Main/10 Projects/10 PhD/rlrmp/worktrees/feature__3702f54-analysis/_artifacts/3702f54/runs/post_go_pl__pos10/warmup_model.eqx",
      "role": "warmup_model:post_go_pl__pos10",
      "sha256": "df92512ff8687795d993bdccdb384bb65a9495c0842e560e6b6ea283ea275fb2"
    },
    {
      "path": "/Users/mll/Main/10 Projects/10 PhD/rlrmp/worktrees/feature__3702f54-analysis/_artifacts/3702f54/runs/full_trial_pl__pos10/warmup_model.eqx",
      "role": "warmup_model:full_trial_pl__pos10",
      "sha256": "136a88d9a83a27491b5f00a23b80990d934c6ce83c70032190d565542389f6ed"
    },
    {
      "path": "/Users/mll/Main/10 Projects/10 PhD/rlrmp/worktrees/feature__3702f54-analysis/_artifacts/3702f54/runs/full_trial_pl__prego_1e-3/warmup_model.eqx",
      "role": "warmup_model:full_trial_pl__prego_1e-3",
      "sha256": "45755ef6698207988d4287571926e92981f8d2fb99e088eb5cabfa6e3a87e8cf"
    },
    {
      "path": "/Users/mll/Main/10 Projects/10 PhD/rlrmp/worktrees/feature__3702f54-analysis/_artifacts/3702f54/runs/full_trial_pl__prego_5e-2/warmup_model.eqx",
      "role": "warmup_model:full_trial_pl__prego_5e-2",
      "sha256": "eecbee03350707df86061d5767e91a8762d2c63a4fa619e134f6ecfe62266f6c"
    },
    {
      "path": "/Users/mll/Main/10 Projects/10 PhD/rlrmp/worktrees/feature__3702f54-analysis/_artifacts/3702f54/runs/full_trial_pl__prego_1/warmup_model.eqx",
      "role": "warmup_model:full_trial_pl__prego_1",