{
  "end_of_training_stats": {
    "gru__jerk": {
      "final_mean": 7.341229438781738,
      "final_std": 1.4273707866668701,
      "mean": 7.456793785095215,
      "n_replicates": 5,
      "std": 1.2835994958877563
    },
    "gru__jerk_loss_historical": {
      "final_mean": 13.521624565124512,
      "final_std": 4.983239650726318,
      "mean": 13.40977668762207,
      "n_replicates": 5,
      "std": 4.440554618835449
    },
    "gru__jerk_loss_v_terminal": {
      "final_mean": 5.969461917877197,
      "final_std": 0.8686344623565674,
      "mean": 6.170849800109863,
      "n_replicates": 5,
      "std": 1.2409777641296387
    },
    "gru__jerk_motor_pre": {
      "final_mean": 5.547104835510254,
      "final_std": 0.37030303478240967,
      "mean": 5.752040386199951,
      "n_replicates": 5,
      "std": 0.4450019896030426
    },
    "gru__jerk_motor_smooth_combo": {
      "final_mean": 4.154942989349365,
      "final_std": 0.3262476325035095,
      "mean": 4.27070426940918,
      "n_replicates": 5,
      "std": 0.20191553235054016
    },
    "gru__jerk_smooth_high": {
      "final_mean": 3.2848129272460938,
      "final_std": 0.1619434654712677,
      "mean": 3.3609769344329834,
      "n_replicates": 5,
      "std": 0.10859451442956924
    }
  },
  "figure_kind": "training_loss_total_multiline_errorbands",
  "inputs": [
    {
      "path": "/Users/mll/Main/10 Projects/10 PhD/rlrmp/_artifacts/part2_5/runpod/anti_anticipation_loss_shape_6cell/gru__jerk/warmup_history.eqx",
      "role": "warmup_history:gru__jerk",
      "sha256": "d1bac864a29ea337d8c030ca9e88f9c783ad061fd384786d3bd9b74fe566db7f"
    },
    {
      "path": "/Users/mll/Main/10 Projects/10 PhD/rlrmp/_artifacts/part2_5/runpod/anti_anticipation_loss_shape_6cell/gru__jerk_motor_pre/warmup_history.eqx",
      "role": "warmup_history:gru__jerk_motor_pre",
      "sha256": "0457fabe0066382ed98d945cbb61bdf608aef2d4f5010df056d146ba6a15acd7"
    },
    {
      "path": "/Users/mll/Main/10 Projects/10 PhD/rlrmp/_artifacts/part2_5/runpod/anti_anticipation_loss_shape_6cell/gru__jerk_smooth_high/warmup_history.eqx",
      "role": "warmup_history:gru__jerk_smooth_high",
      "sha256": "d414e2793fefd12cb31c620eda73fe09136619c8c600bc0c385d8d3936d6e478"
    },
    {
      "path": "/Users/mll/Main/10 Projects/10 PhD/rlrmp/_artifacts/part2_5/runpod/anti_anticipation_loss_shape_6cell/gru__jerk_motor_smooth_combo/warmup_history.eqx",
      "role": "warmup_history:gru__jerk_motor_smooth_combo",
      "sha256": "ee7df192e64ffa45d225a746a47d07b70e536a23e24a2315108ca60f10ad6fca"
    },
    {
      "path": "/Users/mll/Main/10 Projects/10 PhD/rlrmp/_artifacts/part2_5/runpod/anti_anticipation_loss_shape_6cell/gru__jerk_loss_v_terminal/warmup_history.eqx",
      "role": "warmup_history:gru__jerk_loss_v_terminal",
      "sha256": "dc954314d68b89c69c2df307b81536e529638c33d3f98659b290fcddb72b6aad"
    },
    {
      "path": "/Users/mll/Main/10 Projects/10 PhD/rlrmp/_artifacts/part2_5/runpod/anti_anticipation_loss_shape_6cell/gru__jerk_loss_historical/warmup_history.eqx",
      "role": "warmup_history:gru__jerk_loss_historical",
      "sha256": "d497e59d8d98ee3821993acea6795b2204da6f8a40cdc7cae5a7b7627360e059"
    }
  ],
  "plot_kwargs": {
    "cells": [
      "gru__jerk",
      "gru__jerk_motor_pre",
      "gru__jerk_smooth_high",
      "gru__jerk_motor_smooth_combo",
      "gru__jerk_loss_v_terminal",
      "gru__jerk_loss_historical"
    ],
    "error_band": "mean \u00b1 1std",
    "n_replicates": 5,
    "n_warmup_batches": 12000,
    "note": "Uses TermTree.aggregate() for TRUE weighted total \u2014 fixes prior bug where raw leaf sum was used.",
    "yaxis_type": "log"
  },
  "timestamp": "2026-05-09T16:43:38.187252+00:00",
  "transform": [
    {
      "kwargs": {
        "header_lines": 1
      },
      "name": "load_warmup_history_fbx"
    },
    {
      "kwargs": {
        "leaf_fn": "identity"
      },
      "name": "TermTree.aggregate"
    },
    {
      "kwargs": {
        "axis": 1
      },
      "name": "mean_std_across_replicates"
    }
  ],
  "versions": {
    "equinox": "0.13.4",
    "feedbax": "0.1.2",
    "jax": "0.9.0",
    "numpy": "2.4.1",
    "plotly": "6.5.2",
    "polars": "1.37.1",
    "rlrmp": "0.1.0"
  }
}