{
  "linear_regulator": {
    "peak_velocity": {
      "0.0": {
        "mean": 0.15821976959705353,
        "sd": 0.0163694079965353,
        "rep_means": [
          0.15317115187644958,
          0.16106954216957092,
          0.1674163043498993,
          0.15685632824897766,
          0.15258553624153137
        ]
      },
      "0.5": {
        "mean": 0.15978996455669403,
        "sd": 0.016883695498108864,
        "rep_means": [
          0.15642836689949036,
          0.1613384485244751,
          0.17045079171657562,
          0.15651044249534607,
          0.15422174334526062
        ]
      },
      "1.0": {
        "mean": 0.1637655794620514,
        "sd": 0.01895970292389393,
        "rep_means": [
          0.1615099310874939,
          0.1635054647922516,
          0.17476147413253784,
          0.16002775728702545,
          0.1590232104063034
        ]
      },
      "1.5": {
        "mean": 0.16764266788959503,
        "sd": 0.02335517294704914,
        "rep_means": [
          0.16543957591056824,
          0.1671871840953827,
          0.179305762052536,
          0.16248415410518646,
          0.16379666328430176
        ]
      }
    },
    "delta_v": {
      "0.5": {
        "mean": 0.009915640577673912,
        "sd": 0.009074978530406952,
        "per_rep": [
          0.021265199407935143,
          0.0016695046797394753,
          0.018125399947166443,
          -0.0022051117848604918,
          0.010723212733864784
        ]
      },
      "1.0": {
        "mean": 0.035169463604688644,
        "sd": 0.014978775754570961,
        "per_rep": [
          0.054440926760435104,
          0.01512342132627964,
          0.043873682618141174,
          0.020218687132000923,
          0.04219059273600578
        ]
      },
      "1.5": {
        "mean": 0.05968961864709854,
        "sd": 0.018830640241503716,
        "per_rep": [
          0.08009617775678635,
          0.037981368601322174,
          0.071017324924469,
          0.03587885573506355,
          0.07347437739372253
        ]
      }
    }
  },
  "linear_tracker": {
    "peak_velocity": {
      "0.0": {
        "mean": 0.15765134990215302,
        "sd": 0.01618177816271782,
        "rep_means": [
          0.15315786004066467,
          0.16175560653209686,
          0.16599100828170776,
          0.15565316379070282,
          0.15169912576675415
        ]
      },
      "0.5": {
        "mean": 0.1593286097049713,
        "sd": 0.016657356172800064,
        "rep_means": [
          0.15644657611846924,
          0.1619722545146942,
          0.1689831018447876,
          0.1555708944797516,
          0.15367025136947632
        ]
      },
      "1.0": {
        "mean": 0.16331243515014648,
        "sd": 0.018828392028808594,
        "rep_means": [
          0.1615869402885437,
          0.16409161686897278,
          0.17329326272010803,
          0.15911665558815002,
          0.15847373008728027
        ]
      },
      "1.5": {
        "mean": 0.16720125079154968,
        "sd": 0.023433491587638855,
        "rep_means": [
          0.16549243032932281,
          0.16756531596183777,
          0.17785295844078064,
          0.16183683276176453,
          0.16325876116752625
        ]
      }
    },
    "delta_v": {
      "0.5": {
        "mean": 0.01066056452691555,
        "sd": 0.008816704154014587,
        "per_rep": [
          0.02147272229194641,
          0.0013393537374213338,
          0.018025636672973633,
          -0.0005285424995236099,
          0.012993651442229748
        ]
      },
      "1.0": {
        "mean": 0.0360756441950798,
        "sd": 0.01519826054573059,
        "per_rep": [
          0.055035244673490524,
          0.014441603794693947,
          0.04399186745285988,
          0.022251341491937637,
          0.04465816169977188
        ]
      },
      "1.5": {
        "mean": 0.060768257826566696,
        "sd": 0.01899247244000435,
        "per_rep": [
          0.08053501695394516,
          0.035916589200496674,
          0.07146140187978745,
          0.03972722962498665,
          0.07620106637477875
        ]
      }
    }
  },
  "gru_baseline_lit_post_nojerk": {
    "peak_velocity": {
      "0.0": {
        "mean": 0.9683149456977844,
        "sd": 0.0365094318985939,
        "rep_means": [
          0.9576312899589539,
          0.9785244464874268,
          0.9983484745025635,
          0.9760420918464661,
          0.9310286045074463
        ]
      },
      "0.5": {
        "mean": 0.9698199033737183,
        "sd": 0.03831472992897034,
        "rep_means": [
          0.9601410627365112,
          0.9801739454269409,
          0.9985817670822144,
          0.977621853351593,
          0.9325810074806213
        ]
      },
      "1.0": {
        "mean": 0.9723526835441589,
        "sd": 0.04083375632762909,
        "rep_means": [
          0.9634466171264648,
          0.9806914329528809,
          1.000461459159851,
          0.9820692539215088,
          0.9350947141647339
        ]
      },
      "1.5": {
        "mean": 0.9729893803596497,
        "sd": 0.044275712221860886,
        "rep_means": [
          0.9629945755004883,
          0.9819350242614746,
          1.0002647638320923,
          0.9818801879882812,
          0.9378722906112671
        ]
      }
    },
    "delta_v": {
      "0.5": {
        "mean": 0.001565227285027504,
        "sd": 0.0007635548245161772,
        "per_rep": [
          0.0026208132039755583,
          0.0016857002628967166,
          0.00023367851099465042,
          0.0016185382846742868,
          0.0016674062935635448
        ]
      },
      "1.0": {
        "mean": 0.004189215134829283,
        "sd": 0.0017730331746861339,
        "per_rep": [
          0.006072616204619408,
          0.002214545151218772,
          0.002116480143740773,
          0.006175104528665543,
          0.004367330577224493
        ]
      },
      "1.5": {
        "mean": 0.004867506679147482,
        "sd": 0.0019258958054706454,
        "per_rep": [
          0.005600574892014265,
          0.003485429333522916,
          0.001919459318742156,
          0.005981397815048695,
          0.007350672036409378
        ]
      }
    }
  }
}