{
  "experiment": "410d7ac",
  "definition": "\u0394v = (peak_v(adversarial) - peak_v(baseline)) / peak_v(baseline)",
  "eval_pert_scales": [
    0.0,
    1.0
  ],
  "headline_pert_scale": 0.0,
  "n_replicates": 5,
  "seed_eval": 42,
  "discriminator_prediction": {
    "regulator": "\u0394v > 0",
    "tracker": "\u0394v \u2248 0"
  },
  "per_run": {
    "linear_regulator__baseline": {
      "eqx_path": "/Users/mll/Main/10 Projects/10 PhD/rlrmp/worktrees/feature__linear-controller-mvp/_artifacts/410d7ac/runs/linear_regulator__baseline/warmup_model.eqx",
      "peak_velocity": {
        "0.0": {
          "overall_mean": 0.15821976959705353,
          "overall_sd": 0.0163694079965353,
          "rep_means": [
            0.15317115187644958,
            0.16106954216957092,
            0.1674163043498993,
            0.15685632824897766,
            0.15258553624153137
          ]
        },
        "1.0": {
          "overall_mean": 0.16359521448612213,
          "overall_sd": 0.019226865842938423,
          "rep_means": [
            0.16114647686481476,
            0.16355417668819427,
            0.17510390281677246,
            0.1591252237558365,
            0.15904629230499268
          ]
        }
      },
      "u_ff_diagnostic": null,
      "missing": false
    },
    "linear_regulator__adversarial": {
      "eqx_path": "/Users/mll/Main/10 Projects/10 PhD/rlrmp/worktrees/feature__linear-controller-mvp/_artifacts/410d7ac/runs/linear_regulator__adversarial/adversarial_model.eqx",
      "peak_velocity": {
        "0.0": {
          "overall_mean": 0.280487060546875,
          "overall_sd": 0.02344696596264839,
          "rep_means": [
            0.2835769057273865,
            0.2851024866104126,
            0.276940256357193,
            0.2871229946613312,
            0.269692599773407
          ]
        },
        "1.0": {
          "overall_mean": 0.28064218163490295,
          "overall_sd": 0.022920969873666763,
          "rep_means": [
            0.28373128175735474,
            0.28465157747268677,
            0.2775692343711853,
            0.28642964363098145,
            0.2708292007446289
          ]
        }
      },
      "u_ff_diagnostic": null,
      "missing": false
    },
    "linear_tracker__baseline": {
      "eqx_path": "/Users/mll/Main/10 Projects/10 PhD/rlrmp/worktrees/feature__linear-controller-mvp/_artifacts/410d7ac/runs/linear_tracker__baseline/warmup_model.eqx",
      "peak_velocity": {
        "0.0": {
          "overall_mean": 0.15765134990215302,
          "overall_sd": 0.01618177816271782,
          "rep_means": [
            0.15315786004066467,
            0.16175560653209686,
            0.16599100828170776,
            0.15565316379070282,
            0.15169912576675415
          ]
        },
        "1.0": {
          "overall_mean": 0.16313309967517853,
          "overall_sd": 0.01911705732345581,
          "rep_means": [
            0.1611751914024353,
            0.16414286196231842,
            0.17364069819450378,
            0.15819910168647766,
            0.1585075855255127
          ]
        }
      },
      "u_ff_diagnostic": {
        "u_ff_shape": [
          5,
          139,
          2
        ],
        "u_ff_abs_max": 0.021150479093194008,
        "u_ff_l2_mean": 0.009955357760190964,
        "u_ff_per_rep_abs_max": [
          0.010932227596640587,
          0.01871454529464245,
          0.014325708150863647,
          0.021150479093194008,
          0.014045033603906631
        ]
      },
      "missing": false
    },
    "linear_tracker__adversarial": {
      "eqx_path": "/Users/mll/Main/10 Projects/10 PhD/rlrmp/worktrees/feature__linear-controller-mvp/_artifacts/410d7ac/runs/linear_tracker__adversarial/adversarial_model.eqx",
      "peak_velocity": {
        "0.0": {
          "overall_mean": 0.2796289026737213,
          "overall_sd": 0.02363225258886814,
          "rep_means": [
            0.2837368845939636,
            0.2852599620819092,
            0.2753552496433258,
            0.28500378131866455,
            0.268788605928421
          ]
        },
        "1.0": {
          "overall_mean": 0.2798294126987457,
          "overall_sd": 0.023097103461623192,
          "rep_means": [
            0.28390297293663025,
            0.28491684794425964,
            0.27599281072616577,
            0.2844134569168091,
            0.2699209749698639
          ]
        }
      },
      "u_ff_diagnostic": {
        "u_ff_shape": [
          5,
          139,
          2
        ],
        "u_ff_abs_max": 0.05199923738837242,
        "u_ff_l2_mean": 0.03999999165534973,
        "u_ff_per_rep_abs_max": [
          0.04486407712101936,
          0.04956498742103577,
          0.05091526731848717,
          0.05199923738837242,
          0.048214882612228394
        ]
      },
      "missing": false
    }
  },
  "delta_v_by_arch": {
    "linear_regulator": {
      "0.0": {
        "mean": 0.7747201919555664,
        "sem": 0.03433958166793729,
        "sd": 0.07678563892841339,
        "per_rep": [
          0.8513728380203247,
          0.7700583338737488,
          0.6542012095451355,
          0.8304839730262756,
          0.7674846649169922
        ],
        "peak_v_baseline_mean": 0.15821976959705353,
        "peak_v_adversarial_mean": 0.280487060546875
      },
      "1.0": {
        "mean": 0.7178287506103516,
        "sem": 0.03669356369412703,
        "sd": 0.08204930275678635,
        "per_rep": [
          0.7607042193412781,
          0.7404115200042725,
          0.585168719291687,
          0.8000266551971436,
          0.7028325200080872
        ],
        "peak_v_baseline_mean": 0.16359521448612213,
        "peak_v_adversarial_mean": 0.28064218163490295
      }
    },
    "linear_tracker": {
      "0.0": {
        "mean": 0.7755661010742188,
        "sem": 0.03375330943901528,
        "sd": 0.07547469437122345,
        "per_rep": [
          0.8525780439376831,
          0.7635244131088257,
          0.6588563919067383,
          0.8310182094573975,
          0.7718533873558044
        ],
        "peak_v_baseline_mean": 0.15765134990215302,
        "peak_v_adversarial_mean": 0.2796289026737213
      },
      "1.0": {
        "mean": 0.7174797654151917,
        "sem": 0.03558690955481836,
        "sd": 0.07957474887371063,
        "per_rep": [
          0.761455774307251,
          0.7357857823371887,
          0.5894477367401123,
          0.7978196740150452,
          0.7028899788856506
        ],
        "peak_v_baseline_mean": 0.16313308477401733,
        "peak_v_adversarial_mean": 0.2798294126987457
      }
    }
  }
}