run_id,mechanism,optimizer,beta,beta_role,lambda,lambda_star_summary,lambda_star_summary_value,finite_status,gradient_status,optimizer_success,optimizer_status,optimizer_iterations,optimizer_evaluations,selected_nonzero,classification,objective_level_success,penalized_gain_over_zero,task_loss_gain,energy_mean,energy_max,energy_penalty,penalty_minus_task_gain,penalty_over_task_gain_abs,selected_policy_norm_mean,selected_policy_norm_max,old_cap_ratio_mean_sidecar,old_cap_ratio_max_sidecar,old_cap_boundary_fraction_sidecar,old_cap_used_as_criterion,gradient_norm
open_loop_small,linear_no_bias,line_search_known_direction,0.95,diagnostic_only,230964605.99161327,lambda_star_p90,255916460.9325355,finite,finite,True,best_grid_amplitude,7,7,True,nonzero_positive_penalized_and_task_gain,True,1352.5920273739066,6420.451890655157,2.1942149032838643e-05,2.2274865841609426e-05,5067.8598059788355,-1352.592084676321,0.7893307032414661,0.004684110172092915,0.0047196256928145885,1.030493974685669,1.0383073091506958,1.0,False,199.90750122070312
open_loop_small,linear_no_bias,line_search_known_direction,1.4,candidate_training_scale,501596263.42776954,lambda_star_p90,255916460.9325355,finite,finite,True,best_grid_amplitude,7,7,True,nonzero_positive_penalized_and_task_gain,True,107.29628138713997,269.61253504924935,3.2359940860260394e-07,3.244611548325338e-07,162.31625420250217,-107.29628084674718,0.6020352658041375,0.0005688574747182429,0.0005696149310097098,0.12514738738536835,0.12531402707099915,0.0,False,36.58973693847656
open_loop_small,affine,line_search_known_direction,0.95,diagnostic_only,230964605.99161327,lambda_star_p90,255916460.9325355,finite,finite,True,best_grid_amplitude,7,7,True,nonzero_positive_penalized_and_task_gain,True,1405.5293653151748,5904.502509846425,1.9479059119476005e-05,1.9479059119476005e-05,4498.973214617117,-1405.5292952293075,0.7619563556988199,0.00441350881010294,0.00441350881010294,0.9709622263908386,0.9709622263908386,0.0,False,335.91925048828125
open_loop_small,affine,line_search_known_direction,1.4,candidate_training_scale,501596263.42776954,lambda_star_p90,255916460.9325355,finite,finite,True,best_grid_amplitude,7,7,True,nonzero_positive_penalized_and_task_gain,True,101.19947546248841,253.86546056991028,3.043602987418126e-07,3.043602987418126e-07,152.66598858465287,-101.19947198525742,0.6013657322344219,0.0005516886012628675,0.0005516886012628675,0.12137027829885483,0.12137027829885483,0.0,False,35.08598327636719
